Subfolder,File Name,Line Count,File Path
targetdriver-issue37423,TargetModule.cc,2272,/home/sctsim/git_repos/TargetLibraries_sctsim/targetdriver-issue37423/src/TargetModule.cc
targetdriver-issue37423,RegisterSettings.cc,1289,/home/sctsim/git_repos/TargetLibraries_sctsim/targetdriver-issue37423/src/RegisterSettings.cc
targetdriver-issue37423,CMakeCCompilerId.c,752,/home/sctsim/git_repos/TargetLibraries_sctsim/targetdriver-issue37423/build/CMakeFiles/3.20.2/CompilerIdC/CMakeCCompilerId.c
targetdriver-issue37423,CMakeCXXCompilerId.cpp,743,/home/sctsim/git_repos/TargetLibraries_sctsim/targetdriver-issue37423/build/CMakeFiles/3.20.2/CompilerIdCXX/CMakeCXXCompilerId.cpp
targetdriver-issue37423,EventBuffer.cc,605,/home/sctsim/git_repos/TargetLibraries_sctsim/targetdriver-issue37423/src/EventBuffer.cc
targetdriver-issue37423,TargetModule.h,554,/home/sctsim/git_repos/TargetLibraries_sctsim/targetdriver-issue37423/include/TargetDriver/TargetModule.h
targetdriver-issue37423,testerT7BP.cc,450,/home/sctsim/git_repos/TargetLibraries_sctsim/targetdriver-issue37423/src_exe/testerT7BP.cc
targetdriver-issue37423,ModuleSimulator.cc,419,/home/sctsim/git_repos/TargetLibraries_sctsim/targetdriver-issue37423/src/ModuleSimulator.cc
targetdriver-issue37423,tester.cc,387,/home/sctsim/git_repos/TargetLibraries_sctsim/targetdriver-issue37423/src_exe/tester.cc
targetdriver-issue37423,testDataListener.cc,323,/home/sctsim/git_repos/TargetLibraries_sctsim/targetdriver-issue37423/test/testDataListener.cc
targetdriver-issue37423,TesterBoard.cc,319,/home/sctsim/git_repos/TargetLibraries_sctsim/targetdriver-issue37423/src/TesterBoard.cc
targetdriver-issue37423,UDPClient.cc,317,/home/sctsim/git_repos/TargetLibraries_sctsim/targetdriver-issue37423/src/UDPClient.cc
targetdriver-issue37423,EventBuffer_v2.cc,315,/home/sctsim/git_repos/TargetLibraries_sctsim/targetdriver-issue37423/src/EventBuffer_v2.cc
targetdriver-issue37423,TesterBoard.h,283,/home/sctsim/git_repos/TargetLibraries_sctsim/targetdriver-issue37423/include/TargetDriver/TesterBoard.h
targetdriver-issue37423,testEventBuffer.cc,247,/home/sctsim/git_repos/TargetLibraries_sctsim/targetdriver-issue37423/test/testEventBuffer.cc
targetdriver-issue37423,update_firmware.cc,232,/home/sctsim/git_repos/TargetLibraries_sctsim/targetdriver-issue37423/src_exe/update_firmware.cc
targetdriver-issue37423,DataPacket.cc,204,/home/sctsim/git_repos/TargetLibraries_sctsim/targetdriver-issue37423/src/DataPacket.cc
targetdriver-issue37423,DataPacket.h,191,/home/sctsim/git_repos/TargetLibraries_sctsim/targetdriver-issue37423/include/TargetDriver/DataPacket.h
targetdriver-issue37423,DataPacket_v2.cc,186,/home/sctsim/git_repos/TargetLibraries_sctsim/targetdriver-issue37423/src/DataPacket_v2.cc
targetdriver-issue37423,RegisterSettings.h,178,/home/sctsim/git_repos/TargetLibraries_sctsim/targetdriver-issue37423/include/TargetDriver/RegisterSettings.h
targetdriver-issue37423,testerTC.cc,162,/home/sctsim/git_repos/TargetLibraries_sctsim/targetdriver-issue37423/src_exe/testerTC.cc
targetdriver-issue37423,DataListener.cc,153,/home/sctsim/git_repos/TargetLibraries_sctsim/targetdriver-issue37423/src/DataListener.cc
targetdriver-issue37423,DataPacket_v2.h,151,/home/sctsim/git_repos/TargetLibraries_sctsim/targetdriver-issue37423/include/TargetDriver/DataPacket_v2.h
targetdriver-issue37423,testerTECT5TEA.cc,151,/home/sctsim/git_repos/TargetLibraries_sctsim/targetdriver-issue37423/src_exe/testerTECT5TEA.cc
targetdriver-issue37423,DataListener_v2.cc,145,/home/sctsim/git_repos/TargetLibraries_sctsim/targetdriver-issue37423/src/DataListener_v2.cc
targetdriver-issue37423,Waveform.cc,118,/home/sctsim/git_repos/TargetLibraries_sctsim/targetdriver-issue37423/src/Waveform.cc
targetdriver-issue37423,testerT7.cc,112,/home/sctsim/git_repos/TargetLibraries_sctsim/targetdriver-issue37423/src_exe/testerT7.cc
targetdriver-issue37423,EventBuffer.h,109,/home/sctsim/git_repos/TargetLibraries_sctsim/targetdriver-issue37423/include/TargetDriver/EventBuffer.h
targetdriver-issue37423,UDPClient.h,96,/home/sctsim/git_repos/TargetLibraries_sctsim/targetdriver-issue37423/include/TargetDriver/UDPClient.h
targetdriver-issue37423,EventHeader.h,94,/home/sctsim/git_repos/TargetLibraries_sctsim/targetdriver-issue37423/include/TargetDriver/EventHeader.h
targetdriver-issue37423,RawEvent.h,94,/home/sctsim/git_repos/TargetLibraries_sctsim/targetdriver-issue37423/include/TargetDriver/RawEvent.h
targetdriver-issue37423,testbuffer.cc,93,/home/sctsim/git_repos/TargetLibraries_sctsim/targetdriver-issue37423/src_exe/testbuffer.cc
targetdriver-issue37423,ModuleSimulator.h,92,/home/sctsim/git_repos/TargetLibraries_sctsim/targetdriver-issue37423/include/TargetDriver/ModuleSimulator.h
targetdriver-issue37423,UDPBase.cc,90,/home/sctsim/git_repos/TargetLibraries_sctsim/targetdriver-issue37423/src/UDPBase.cc
targetdriver-issue37423,GenericPacket.cc,87,/home/sctsim/git_repos/TargetLibraries_sctsim/targetdriver-issue37423/src/GenericPacket.cc
targetdriver-issue37423,RawEvent_v2.cc,83,/home/sctsim/git_repos/TargetLibraries_sctsim/targetdriver-issue37423/src/RawEvent_v2.cc
targetdriver-issue37423,EventBuffer_v2.h,82,/home/sctsim/git_repos/TargetLibraries_sctsim/targetdriver-issue37423/include/TargetDriver/EventBuffer_v2.h
targetdriver-issue37423,RawEvent_v2.h,76,/home/sctsim/git_repos/TargetLibraries_sctsim/targetdriver-issue37423/include/TargetDriver/RawEvent_v2.h
targetdriver-issue37423,UDPBase.h,76,/home/sctsim/git_repos/TargetLibraries_sctsim/targetdriver-issue37423/include/TargetDriver/UDPBase.h
targetdriver-issue37423,UDPServer.cc,76,/home/sctsim/git_repos/TargetLibraries_sctsim/targetdriver-issue37423/src/UDPServer.cc
targetdriver-issue37423,RawEvent.cc,74,/home/sctsim/git_repos/TargetLibraries_sctsim/targetdriver-issue37423/src/RawEvent.cc
targetdriver-issue37423,TriggerInfo.h,73,/home/sctsim/git_repos/TargetLibraries_sctsim/targetdriver-issue37423/include/TargetDriver/TriggerInfo.h
targetdriver-issue37423,Waveform.h,66,/home/sctsim/git_repos/TargetLibraries_sctsim/targetdriver-issue37423/include/TargetDriver/Waveform.h
targetdriver-issue37423,GenericPacket.h,58,/home/sctsim/git_repos/TargetLibraries_sctsim/targetdriver-issue37423/include/TargetDriver/GenericPacket.h
targetdriver-issue37423,RingBuffer.h,55,/home/sctsim/git_repos/TargetLibraries_sctsim/targetdriver-issue37423/include/TargetDriver/RingBuffer.h
targetdriver-issue37423,DataListener.h,52,/home/sctsim/git_repos/TargetLibraries_sctsim/targetdriver-issue37423/include/TargetDriver/DataListener.h
targetdriver-issue37423,DataListener_v2.h,52,/home/sctsim/git_repos/TargetLibraries_sctsim/targetdriver-issue37423/include/TargetDriver/DataListener_v2.h
targetdriver-issue37423,TriggerPacket.h,52,/home/sctsim/git_repos/TargetLibraries_sctsim/targetdriver-issue37423/include/TargetDriver/TriggerPacket.h
targetdriver-issue37423,UDPServer.h,52,/home/sctsim/git_repos/TargetLibraries_sctsim/targetdriver-issue37423/include/TargetDriver/UDPServer.h
targetdriver-issue37423,testRawEvent.cc,43,/home/sctsim/git_repos/TargetLibraries_sctsim/targetdriver-issue37423/test/testRawEvent.cc
targetdriver-issue37423,utils.cc,33,/home/sctsim/git_repos/TargetLibraries_sctsim/targetdriver-issue37423/src/utils.cc
targetdriver-issue37423,TriggerPacket.cc,30,/home/sctsim/git_repos/TargetLibraries_sctsim/targetdriver-issue37423/src/TriggerPacket.cc
targetdriver-issue37423,utils.h,20,/home/sctsim/git_repos/TargetLibraries_sctsim/targetdriver-issue37423/include/TargetDriver/utils.h
targetdriver-issue37423,generate_markdown_files.cc,16,/home/sctsim/git_repos/TargetLibraries_sctsim/targetdriver-issue37423/src_exe/generate_markdown_files.cc
targetdriver-issue37423,EventHeader.cc,10,/home/sctsim/git_repos/TargetLibraries_sctsim/targetdriver-issue37423/src/EventHeader.cc
targetdriver-issue37423,RingBuffer.cc,7,/home/sctsim/git_repos/TargetLibraries_sctsim/targetdriver-issue37423/src/RingBuffer.cc
targetio-pSCT,readCHEC-M.cc,2177,/home/sctsim/git_repos/TargetLibraries_sctsim/targetio-pSCT/examples/readCHEC-M.cc
targetio-pSCT,EventFileWriter_v2.cc,770,/home/sctsim/git_repos/TargetLibraries_sctsim/targetio-pSCT/src/EventFileWriter_v2.cc
targetio-pSCT,EventFileWriter.cc,711,/home/sctsim/git_repos/TargetLibraries_sctsim/targetio-pSCT/src/EventFileWriter.cc
targetio-pSCT,EventFileReader.cc,470,/home/sctsim/git_repos/TargetLibraries_sctsim/targetio-pSCT/src/EventFileReader.cc
targetio-pSCT,FitsKeyValue.cc,286,/home/sctsim/git_repos/TargetLibraries_sctsim/targetio-pSCT/src/FitsKeyValue.cc
targetio-pSCT,WaveformArrayReader.cc,265,/home/sctsim/git_repos/TargetLibraries_sctsim/targetio-pSCT/src/WaveformArrayReader.cc
targetio-pSCT,EventFile.cc,241,/home/sctsim/git_repos/TargetLibraries_sctsim/targetio-pSCT/src/EventFile.cc
targetio-pSCT,FitsCardImage.cc,177,/home/sctsim/git_repos/TargetLibraries_sctsim/targetio-pSCT/src/FitsCardImage.cc
targetio-pSCT,testEventFile.cc,170,/home/sctsim/git_repos/TargetLibraries_sctsim/targetio-pSCT/test/testEventFile.cc
targetio-pSCT,CHECDataListener.cc,160,/home/sctsim/git_repos/TargetLibraries_sctsim/targetio-pSCT/examples/CHECDataListener.cc
targetio-pSCT,WaveformArrayReader.h,141,/home/sctsim/git_repos/TargetLibraries_sctsim/targetio-pSCT/include/TargetIO/WaveformArrayReader.h
targetio-pSCT,Util.cc,141,/home/sctsim/git_repos/TargetLibraries_sctsim/targetio-pSCT/src/Util.cc
targetio-pSCT,testFITS.cc,132,/home/sctsim/git_repos/TargetLibraries_sctsim/targetio-pSCT/test/testFITS.cc
targetio-pSCT,FitsKeyValue.h,110,/home/sctsim/git_repos/TargetLibraries_sctsim/targetio-pSCT/include/TargetIO/FitsKeyValue.h
targetio-pSCT,EventFileWriter_v2.h,108,/home/sctsim/git_repos/TargetLibraries_sctsim/targetio-pSCT/include/TargetIO/EventFileWriter_v2.h
targetio-pSCT,EventFileWriter.h,98,/home/sctsim/git_repos/TargetLibraries_sctsim/targetio-pSCT/include/TargetIO/EventFileWriter.h
targetio-pSCT,testT5CameraModule.cc,84,/home/sctsim/git_repos/TargetLibraries_sctsim/targetio-pSCT/test/testT5CameraModule.cc
targetio-pSCT,FitsCardImage.h,73,/home/sctsim/git_repos/TargetLibraries_sctsim/targetio-pSCT/include/TargetIO/FitsCardImage.h
targetio-pSCT,EventFileReader.h,58,/home/sctsim/git_repos/TargetLibraries_sctsim/targetio-pSCT/include/TargetIO/EventFileReader.h
targetio-pSCT,MessEventStruct.h,49,/home/sctsim/git_repos/TargetLibraries_sctsim/targetio-pSCT/include/TargetIO/MessEventStruct.h
targetio-pSCT,EventFile.h,45,/home/sctsim/git_repos/TargetLibraries_sctsim/targetio-pSCT/include/TargetIO/EventFile.h
targetio-pSCT,testEventHeader.cc,42,/home/sctsim/git_repos/TargetLibraries_sctsim/targetio-pSCT/test/testEventHeader.cc
targetio-pSCT,Util.h,30,/home/sctsim/git_repos/TargetLibraries_sctsim/targetio-pSCT/include/TargetIO/Util.h
targetcalib-pSCT,generate_ac_tf_old.cc,1079,/home/sctsim/git_repos/TargetLibraries_sctsim/targetcalib-pSCT/src_exe/generate_ac_tf_old.cc
targetcalib-pSCT,CalibReadWriter.cc,996,/home/sctsim/git_repos/TargetLibraries_sctsim/targetcalib-pSCT/src/CalibReadWriter.cc
targetcalib-pSCT,generate_ac_tf.cc,865,/home/sctsim/git_repos/TargetLibraries_sctsim/targetcalib-pSCT/src_exe/generate_ac_tf.cc
targetcalib-pSCT,generate_ac_tf_jason.cc,743,/home/sctsim/git_repos/TargetLibraries_sctsim/targetcalib-pSCT/src_exe/generate_ac_tf_jason.cc
targetcalib-pSCT,apply_calibration_SCT.cc,504,/home/sctsim/git_repos/TargetLibraries_sctsim/targetcalib-pSCT/src_exe/apply_calibration_SCT.cc
targetcalib-pSCT,apply_calibration.cc,496,/home/sctsim/git_repos/TargetLibraries_sctsim/targetcalib-pSCT/src_exe/apply_calibration.cc
targetcalib-pSCT,Calibrator.cc,489,/home/sctsim/git_repos/TargetLibraries_sctsim/targetcalib-pSCT/src/Calibrator.cc
targetcalib-pSCT,test_calib.cc,487,/home/sctsim/git_repos/TargetLibraries_sctsim/targetcalib-pSCT/src_exe/test_calib.cc
targetcalib-pSCT,TfMaker.cc,425,/home/sctsim/git_repos/TargetLibraries_sctsim/targetcalib-pSCT/src/TfMaker.cc
targetcalib-pSCT,create_pedestal_tfinput.cc,300,/home/sctsim/git_repos/TargetLibraries_sctsim/targetcalib-pSCT/src_exe/create_pedestal_tfinput.cc
targetcalib-pSCT,Calibrator.h,232,/home/sctsim/git_repos/TargetLibraries_sctsim/targetcalib-pSCT/include/TargetCalib/Calibrator.h
targetcalib-pSCT,TfGenerator.h,229,/home/sctsim/git_repos/TargetLibraries_sctsim/targetcalib-pSCT/include/TargetCalib/exe_classes/TfGenerator.h
targetcalib-pSCT,PedestalGenerator.h,207,/home/sctsim/git_repos/TargetLibraries_sctsim/targetcalib-pSCT/include/TargetCalib/exe_classes/PedestalGenerator.h
targetcalib-pSCT,CalibReadWriter.h,197,/home/sctsim/git_repos/TargetLibraries_sctsim/targetcalib-pSCT/include/TargetCalib/CalibReadWriter.h
targetcalib-pSCT,PedestalGenerator_SCT.h,196,/home/sctsim/git_repos/TargetLibraries_sctsim/targetcalib-pSCT/include/TargetCalib/exe_classes/PedestalGenerator_SCT.h
targetcalib-pSCT,Mapping.cc,191,/home/sctsim/git_repos/TargetLibraries_sctsim/targetcalib-pSCT/src/Mapping.cc
targetcalib-pSCT,PedestalMaker.cc,170,/home/sctsim/git_repos/TargetLibraries_sctsim/targetcalib-pSCT/src/PedestalMaker.cc
targetcalib-pSCT,Mapping.h,157,/home/sctsim/git_repos/TargetLibraries_sctsim/targetcalib-pSCT/include/TargetCalib/Mapping.h
targetcalib-pSCT,generate_dc_tf.cc,154,/home/sctsim/git_repos/TargetLibraries_sctsim/targetcalib-pSCT/src_exe/generate_dc_tf.cc
targetcalib-pSCT,fix_bad_tfs.cc,153,/home/sctsim/git_repos/TargetLibraries_sctsim/targetcalib-pSCT/src_exe/fix_bad_tfs.cc
targetcalib-pSCT,CameraConfiguration.h,148,/home/sctsim/git_repos/TargetLibraries_sctsim/targetcalib-pSCT/include/TargetCalib/CameraConfiguration.h
targetcalib-pSCT,Utils.h,141,/home/sctsim/git_repos/TargetLibraries_sctsim/targetcalib-pSCT/include/TargetCalib/Utils.h
targetcalib-pSCT,TfMaker.h,137,/home/sctsim/git_repos/TargetLibraries_sctsim/targetcalib-pSCT/include/TargetCalib/TfMaker.h
targetcalib-pSCT,generate_ped_SCT.cc,131,/home/sctsim/git_repos/TargetLibraries_sctsim/targetcalib-pSCT/src_exe/generate_ped_SCT.cc
targetcalib-pSCT,generate_ped.cc,126,/home/sctsim/git_repos/TargetLibraries_sctsim/targetcalib-pSCT/src_exe/generate_ped.cc
targetcalib-pSCT,CalibArrayReader.h,121,/home/sctsim/git_repos/TargetLibraries_sctsim/targetcalib-pSCT/include/TargetCalib/CalibArrayReader.h
targetcalib-pSCT,Logger.h,111,/home/sctsim/git_repos/TargetLibraries_sctsim/targetcalib-pSCT/include/TargetCalib/Logger.h
targetcalib-pSCT,fix_tf_offset.cc,109,/home/sctsim/git_repos/TargetLibraries_sctsim/targetcalib-pSCT/src_exe/fix_tf_offset.cc
targetcalib-pSCT,PedestalMaker.h,108,/home/sctsim/git_repos/TargetLibraries_sctsim/targetcalib-pSCT/include/TargetCalib/PedestalMaker.h
targetcalib-pSCT,MappingSP.cc,92,/home/sctsim/git_repos/TargetLibraries_sctsim/targetcalib-pSCT/src/MappingSP.cc
targetcalib-pSCT,MappingSP.h,90,/home/sctsim/git_repos/TargetLibraries_sctsim/targetcalib-pSCT/include/TargetCalib/MappingSP.h
targetcalib-pSCT,CalibratorMultiFile.cc,88,/home/sctsim/git_repos/TargetLibraries_sctsim/targetcalib-pSCT/src/CalibratorMultiFile.cc
targetcalib-pSCT,RunningStats.h,85,/home/sctsim/git_repos/TargetLibraries_sctsim/targetcalib-pSCT/include/TargetCalib/RunningStats.h
targetcalib-pSCT,MappingTM.cc,83,/home/sctsim/git_repos/TargetLibraries_sctsim/targetcalib-pSCT/src/MappingTM.cc
targetcalib-pSCT,CfMaker.cc,81,/home/sctsim/git_repos/TargetLibraries_sctsim/targetcalib-pSCT/src/CfMaker.cc
targetcalib-pSCT,MappingTM.h,80,/home/sctsim/git_repos/TargetLibraries_sctsim/targetcalib-pSCT/include/TargetCalib/MappingTM.h
targetcalib-pSCT,plot_data_basic.cc,78,/home/sctsim/git_repos/TargetLibraries_sctsim/targetcalib-pSCT/scripts/mapping/plot_data_basic.cc
targetcalib-pSCT,CfMaker.h,72,/home/sctsim/git_repos/TargetLibraries_sctsim/targetcalib-pSCT/include/TargetCalib/CfMaker.h
targetcalib-pSCT,CalibratorMultiFile.h,68,/home/sctsim/git_repos/TargetLibraries_sctsim/targetcalib-pSCT/include/TargetCalib/CalibratorMultiFile.h
targetcalib-pSCT,CameraConfiguration.cc,65,/home/sctsim/git_repos/TargetLibraries_sctsim/targetcalib-pSCT/src/CameraConfiguration.cc
targetcalib-pSCT,plot_data_tc.cc,62,/home/sctsim/git_repos/TargetLibraries_sctsim/targetcalib-pSCT/scripts/mapping/plot_data_tc.cc
targetcalib-pSCT,Constants.h,34,/home/sctsim/git_repos/TargetLibraries_sctsim/targetcalib-pSCT/include/TargetCalib/Constants.h
targetcalib-pSCT,test_version.cc,32,/home/sctsim/git_repos/TargetLibraries_sctsim/targetcalib-pSCT/src_exe/test_version.cc
targetcalib-pSCT,Logger.cc,26,/home/sctsim/git_repos/TargetLibraries_sctsim/targetcalib-pSCT/src/Logger.cc
